date,tutor name,scheduled shift,Team Options2,actual time in,actual time out,total hrs,Notes,,,,,
9/14/2026,Zaynab Moussawi,1:00-3:00,Tutor ,1:00,3:00,2,,,,,,
9/14/2026,Charbel Abou Youness,1:00-3:00,Tutor ,1:05,3:05,2,,,,,,
9/14/2026,Josee Korkomaz,1:00-3:00,Tutor ,1:03,3:02,2,,,,,,
9/14/2026,Mohammad Chebbo,1:20-3:20,Tutor ,1:23,3:20,3:20,,,,,,
9/14/2026,Charbel Attieh,2:00-3:00,Tutor,1:47,3:00,1,,,,,,
9/14/2026,julia choucair,2:00-4:00,Tutor,2:00,4:24,,,,,,,
9/14/2026,Majd Shatila,2:00-5:00,Tutor,2:02,5:00,,,,,,,
9/14/2026,Yara Slim,2:00-3:00,Tutor,2:03,3:00,3:15,,,,,,
9/14/2026,Amir Darwich ,3:00 - 5:00,Tutor,2:56,5:00,,,,,,,
9/14/2026,Issa El Agha,3:00-5:00,Tutor,2:58,5:00,,,,,,,
9/14/2026,Michael Tohme ,3:30 - 5:00,Tutor,3:17,5:00,,,,,,,
9/14/2026,Jad Hayek,3:30-5:00,Tutor,3:23,5:00,,,,,,,
9/14/2026,Rami Chahine,3:30-5:00,Tutor,3:29,5:00,,,,,,,
9/14/2026,Majd Jaffal,3:30-5:00,Tutor,3:35,5:00,,,,,,,
,,,,,,,,,,,,
9/15/2026,Ranim Khattar ,1:00 pm - 3:30 pm,Tutor,13:00,15:30,2.5,,,,,,
9/15/2026,Charbel Attieh,1:00 pm - 3:00 pm,Tutor,13:00,3:00,2,,,,,,
9/15/2026,Mohammad Chebbo,1: 00 pm - 3:00 pm,Tutor,12:50,2:50,2,,,,,,
9/15/2026,Zaynab Moussawi,1:00 pm - 3:00 pm,Tutor,13:00,3:00,2,,,,,,
9/15/2026,Josee Korkomaz,1:00 pm -3:00 pm,Tutor,13:04,3:10 PM,2,,,,,,
9/15/2026,Lilly Al Riachy,1:00 pm -3:00 pm,Tutor,13:09,,,,,,,,
9/15/2026,Nour Hammoud,1:00 pm - 3:00 pm,Tutor,13:18,3:30 PM,,,,,,,
9/15/2026,Jana Salman,2:00 pm - 3:30 pm ,Tutor,13:53,3:30 AM,,,,,,,
9/15/2026,zeina al zein,2:00 pm - 3:30 pm ,Tutor,2:00:00 PM,3:30,1.5,,,,,,
9/15/2026,Majd Jaffal,2:00 pm - 3:00 pm,Tutor,14:00,3:00,1,,,,,,
9/15/2026,Lynn Hammound, - 5:00 pm,Tutor,2:00:00 PM,3:30,1.5,,,,,,
9/15/2026,Jinan Saydeldine,2:00 pm - 3:00 pm,Tutor,2:00:00 PM,3:00,1,,,,,,
9/15/2026,kassem mousawi,2:00 pm - 5:00 pm,Tutor,2:00:00 PM,,,,,,,,
9/15/2026,julia choucair,3:00:00 PM - 5:00 pm,Tutor,14:48,,,,,,,,
9/15/2026,Amir Darwich ,3:00:00 PM - 5:00 pm,Tutor,15:20,4:55,,,,,,,
9/15/2026,Lea hazimeh,4:00:00 PM - 5:00 pm,Tutor,4:00:00 PM,,,,,,,,
9/15/2026,Jad Hayek,4:00:00 PM - 5:00 pm,Tutor,4:00:00 PM,,,,,,,,
,,,,,,,,,,,,
9/16/2026,Ali Sobh,2:00-3:00,TA EECE331,13:03,3:04,,,,,,,
9/16/2026,Charbel Abou Youness,1:00 pm -3:00 pm,Tutor,13:00,3:00,,,,,,,
9/16/2026,zeina al zein,1:00 pm -2:00 pm,Tutor,13:00,14:00,,,,,,,
9/16/2026,Jana Salman,1:00 pm -2:00 pm,Tutor,13:00,14:00,,,,,,,
9/16/2026,Ahmad Abbas,,Head TA,13:05,13:48,,,,,,,
9/16/2026,George bou saba,2:00 - 3:00,Tutor,13:49,3:06,,,,,,,
9/16/2026,Yorgo Azie,1:00 - 2:00,TA,13:00,13:56,,,,,,,
9/16/2026,Lea hazimeh,2:00 pm - 4:00 pm ,Tutor,13:55,16:00,,,,,,,
9/16/2026,Issa El Agha,3:00-5:00,Tutor,3:05,5:00 PM,,,,,,,
9/16/2026,Jad Hayek,3:30-5:00,Tutor,3:28,17:00,,,,,,,
9/16/2026,Roudy Haddad,3:30-5:00,Tutor,3:40,17:00,,,,,,,
9/16/2026,Maykel Tohme,3:30-5:00,Tutor,15:30,17:00,,,,,,,
,,,,,,,,,,,,
9/17/2026,charbel gebrael ,1:00-4:00,Tutor,13:00,16:00,,,,,,,
9/17/2026,Ranim Khattar ,1:30-3:30,Tutor,13:30,15:30 PM ,,,,,,,`
9/17/2026,Majd Shatila,2:30-4:00,Tutor,2:30,,,,,,,,
9/17/2026,Nour Hammoud,1:00-3:00,Tutor,14:00,15:00,,,,,,,
9/17/2026,Jana Salman,2:00-3:00,Tutor,2:00,15:00,,,,,,,
9/17/2026,zeina al zein,2:00-3:00,Tutor,2:00,15:00,,,,,,,
9/17/2026,Lynn Hammoud,3:30-5:00,Tutor,2:45:00 PM,4:36,,,,,,,
9/17/2026,Amir Darwish,3:00 pm - 5:00 pm,,3:20:00 PM,5:00,,,,,,,
9/17/2026,majd chatila,2:00pm - 4:00pm ,,2:30,5:00,,,,,,,
9/17/2026,kassem mousawi,2:00pm - 4:00pm ,tutor ,15:00,5:00,,Scheduled 2 till 4 but came 3 till 5,,,,,
9/17/2026,wael tabbara,,TA eece330,3:00,4:00,,,,,,,
9/17/2026,ghadi dbouk,,,3:30,4:49,,,,,,,
9/17/2026,Jad Hayek,4:00-5:00,Tutor,4:00,5:00,,,,,,,
,,,,,,,,,,,,
9/18/2026,Jana Salman,1:00-2:00,Tutor,12:55,14:00,1hr ,,,,,,
9/18/2026,Zeina al zein,1:00-2:00,Tutor,1:00:00 PM,13:56,56 min ,,,,,,
9/18/2026,charbel gebrael ,1:00-3:00,Tutor,1:00,15:04,2 hr ,,,,,,
9/18/2026,Yara Slim,1:00-3:00,Tutor,1:00:00 PM,15:00,2 hr,,,,,,
9/18/2026,George bou saba,2:00 pm - 3:00pm ,Tutor,14:00,15:00,1 hr,,,,,,
9/18/2026,Rami Chahine,2:00 pm - 4:00 pm ,Tutor,14:00,,,,,,,,
9/18/2026,Jad Mchaimech ,3:00 pm - 4:00 pm ,TA EECE 230,15:08,16:00,,,,,,,
,,,,,,,,,,,,
9/21/2026,Charbel Abou Youness,1:00-3:00,Tutor,1:00,3:00,,,,,,,
9/21/2026,Zeinab Moussawi,1:00-3:00,Tutor,1:00,3:13,,,,,,,
9/21/2026,Jose Korkomaz,1:00-4:00,Tutor,1:00,3:56,,,,,,,
9/21/2026,Mohammad Chebbo,1:20-3:20,Tutor,1:20,3:20,,,,,,,
9/21/2026,julia choucair,2:00-4:00,Tutor,1:48,4:03,,,,,,,
9/21/2026,Charbel Attieh,2:00-3:00,,2:00,3:00,,,,,,,
9/21/2026,Majd Chatila,,,2:00,5:00,,,,,,,
9/21/2026,Geroge Bou Saba,,,2:00,5:00,,,,,,,
9/21/2026,Yara Slim,2:00-3:00,Tutor ,2:04,3:04,,,,,,,
9/21/2026,Jawad ,2:00-3:00,TA EECE 330,,,,,,,,,
9/21/2026,Amir Darwich ,3:00-5:00,Tutor,2:45,4:55,,,,,,,
9/21/2026,Selena Saade,,TA EECE 330,,,,,,,,,
9/21/2026,Issa al Agha,3:00-5:00,,3:02,4:55,,kept going out the entire shift,,,,,
9/21/2026,Maykel Tohme,3:30-5:00,,3:30,5:00,,Issa and maykel left at 3:45 to 4 to introduce people to etc,,,,,
9/21/2026,Rami Chahine,3:30-5:00,,3:30,5:00,,,,,,,
9/21/2026,Majd Jaffal,3:30-5:00,,3:32,5:00,,,,,,,
9/21/2026,Jad Hayek,3:30-5:00,,3:31,5:00,,,,,,,
,,,,,,,,,,,,
9/22/2026,Mohamad Chebbo,1:00-3:00,,1:00:00 AM,3:00,2,,,,,,
9/22/2026,Jose Korkomaz,1:00-3:00,,1:00:00 AM,3:00,2,,,,,,
9/22/2026,Charbel Attieh,1:00-3:00,,1:00:00 AM,3:00,2,,,,,,
9/22/2026,Nour Hammoud,1:00-3:00,,1:00:00 AM,3:26,,,,,,,
9/22/2026,ranim khattar,1:00-3:30,,1:00:00 AM,3:30,,,,,,,
9/22/2026,Zeinab Moussawi,1:00-3:00,,1:00:00 AM,3:00,2,,,,,,
9/22/2026,Lilly Riachy,1:00-5:00,,1:00:00 AM,17:00,,left to do class vist for ETC,,,,,
9/22/2026,Majd Jaffal,2:00-3:00,,1:50:00 AM,  3:19,,,,,,,
9/22/2026,Jinan Saydeldine,2:00-3:00,,2:00,3:00,1,,,,,,
9/22/2026,Jana Salman,2:00-3:30,,2:00:00 AM,3:30,,,,,,,
9/22/2026,zeina al zien,2:00-3:30,,2:00:00 AM,3:30,,,,,,,
9/22/2026,Kassem Moussawi,2:00-5:00,,2:15,17:00,,,,,,,
9/22/2026,Julia choucair,3:00-5:00,,2:55:00 AM,17:00,,,,,,,
9/22/2026,Johnny Alhelou,3:00-4:00,eece 330,3:00,16:00,,,,,,,
9/22/2026,Amir darwish,3:30-5:00,,3:21:00 AM,17:00,,,,,,,
9/22/2026,Lynn hammoud,3:30-5:00,,3:28,5:00,,,,,,,
9/22/2026,Jad Hayek,4:00-5:00,Tutor,4:00,17:00,,,,,,,
9/22/2026,Lea Hazimeh,4:00-5:00,Tutor,3:55,17:00,,,,,,,
,,,,,,,,,,,,
9/23/2026,Charbel Abou Youness,1:00 pm -3:00 pm,Tutor,13:00,3:00,,,,,,,
9/23/2026,Zeina al zein,1:00 pm -2:00 pm,Tutor,13:00,2:00,,,,,,,
9/23/2026,Jana Salman,1:00 pm -2:00 pm,Tutor,13:00,13:54,,,,,,,
9/23/2026,Jonathan Ashoute,,TA EECE230,13:00,,,,,,,,
9/23/2026,Yorgo Azie,1:00 - 2:00,TA EECE330,13:00,13:54,,,,,,,
9/23/2026,Ali Sobh,1:00-2:00,TA EECE331,13:52,3:01,1,,,,,,
9/23/2026,Lea Hazimeh,2:00:00 pm - 4:00 om ,Tutor,14:00,16:00,,,,,,,
9/23/2026,Charbel Attieh,2:00-3:00,TA EECE330,13:56,3:02,,,,,,,
9/23/2026,Georges Bou Saba,2:00-3:00,Tutor,14:00,3:30,,,,,,,
9/23/2026,Issa El Agha,3:00-5:00,Tutor,3:06,,,,,,,,
9/23/2026,Talia Semaan,3:00-5:00,TA EECE230,3:15,,,,,,,,
9/23/2026,Lynn hammoud,3:30-5:00,Tutor,3:23,,,,,,,,
9/23/2026,Rami Chahine ,3:30-5:00,Tutor,3:25,,,,,,,,
9/23/2026,Majd Jaffal,3:30-5:00,tutor,3:28,,,,,,,,
9/23/2026,Jad Hayek,3:30-5:00,Tutor,3:33,,,,,,,,
9/23/2026,Maykel Tohme,3:30-5:00,Tutor,3:30,,,,,,,,
9/23/2026,Roudy Haddad,4:00-5:00,Tutor,4:04,,,,,,,,
,,,,,,,,,,,,
9/24/2026,Charbel gebrail,1:00-4:00,,:,4:24,,,,,,,
9/24/2026,ranim khattar,1:30-3:30,,1:30,3:32,,,,,,,
9/24/2026,Nour Hammoud,1:30-3:30,,1:30,3:34,,,,,,,
9/24/2026,Kassem Moussawi,2:00-4:00,,1:50:00 AM,4:24,,Kassem left from 3:20 till 4:00,,,,,
9/24/2026,zeina al zein,2:00-3:00,,1:54:00 AM,3:21,,,,,,,
9/24/2026,Jana Salman,2:00-3:00,,1:54:00 AM,3:02,,,,,,,
9/24/2026,Majd Shatila,2:30-4:00,,2:30,4:00,,,,,,,
9/24/2026,Wael Tabbara,,TA EECE330,3:00,5:00,,,,,,,
9/24/2026,Ghadi Tbouk,,TA EECE331,3:00,3:58,,,,,,,
9/24/2026,Amir darwish,3:30-5:00,,3:23,4:58,,,,,,,
9/24/2026,Lynn hammoud,3:30-5:00,,3:25,4:50,,,,,,,
9/24/2026,Jad Hayek,4:00-5:00,,4:07,4:58,,,,,,,
9/24/2026,Rayan Nasr,,TA EECE230,,5:00,,,,,,,
,,,,,,,,,,,,
9/25/2026,Yasmina Mansour,1:00 pm - 2:00 pm,TA EECE 330,13:00,14:00,,,,,,,
9/25/2026,Marwan Salem ,1:00:00 PM - 2:00 PM ,TA EECE 330,13:00,14:00,,,,,,,
9/25/2026,Jana Salman,1:00 pm - 2:00 pm ,Tutor ,13:00,14:00,,,,,,,
9/25/2026,Yara Slim ,1:00:00 PM - 3:00 PM,Tutor ,13:00,15:00,,,,,,,
9/25/2026,Charbel gebrail,1:00 pm - 3:00 pm ,Tutor,13:08,15:00,,,,,,,
9/25/2026,Zeina al zein,1:00 pm - 2:00 pm ,Tutor,13:15,14:00,,,,,,,
9/25/2026,Georges Bou Saba,2:00 pm - 3:00 pm ,Tutor ,13:54,15:00,,,,,,,
9/25/2026,Rami Chahine ,2:00 pm - 4:00 pm ,Tutor ,13:55,16:00,,,,,,,
9/25/2026,Jad Mchaimech ,3:00 pm - 4:00 pm ,TA EECE 230,14:52,16:00,,,,,,,
9/25/2026,Majd Jaffal,4:00 pm - 5:00 pm,Tutor,16:00,17:00,,,,,,,
,,,,,,,,,,,,
,,,,,,,,,,,,
,,,,,,,,,,,,
,,,,,,,,,,,,
,,,,,,,,,,,,
,,,,,,,,,,,,
,,,,,,,,,,,,
,,,,,,,,,,,,
,,,,,,,,,,,,
,,,,,,,,,,,,
,,,,,,,,,,,,
,,,,,,,,,,,,
,,,,,,,,,,,,
,,,,,,,,,,,,
,,,,,,,,,,,,
,,,,,,,,,,,,
,,,,,,,,,,,,
,,,,,,,,,,,,
,,,,,,,,,,,,
,,,,,,,,,,,,
,,,,,,,,,,,,
,,,,,,,,,,,,
,,,,,,,,,,,,
,,,,,,,,,,,,
,,,,,,,,,,,,
,,,,,,,,,,,,
,,,,,,,,,,,,
,,,,,,,,,,,,
,,,,,,,,,,,,
,,,,,,,,,,,,
,,,,,,,,,,,,
,,,,,,,,,,,,
,,,,,,,,,,,,
,,,,,,,,,,,,
,,,,,,,,,,,,
,,,,,,,,,,,,
,,,,,,,,,,,,
,,,,,,,,,,,,
,,,,,,,,,,,,
,,,,,,,,,,,,
,,,,,,,,,,,,
,,,,,,,,,,,,
,,,,,,,,,,,,
,,,,,,,,,,,,
,,,,,,,,,,,,
,,,,,,,,,,,,
,,,,,,,,,,,,
,,,,,,,,,,,,
,,,,,,,,,,,,
,,,,,,,,,,,,
,,,,,,,,,,,,
,,,,,,,,,,,,
,,,,,,,,,,,,
,,,,,,,,,,,,
,,,,,,,,,,,,
,,,,,,,,,,,,
,,,,,,,,,,,,
,,,,,,,,,,,,
,,,,,,,,,,,,
,,,,,,,,,,,,
,,,,,,,,,,,,
,,,,,,,,,,,,
,,,,,,,,,,,,
,,,,,,,,,,,,
,,,,,,,,,,,,
,,,,,,,,,,,,
,,,,,,,,,,,,
,,,,,,,,,,,,
,,,,,,,,,,,,
,,,,,,,,,,,,
,,,,,,,,,,,,
,,,,,,,,,,,,
,,,,,,,,,,,,
,,,,,,,,,,,,
,,,,,,,,,,,,
,,,,,,,,,,,,
,,,,,,,,,,,,
,,,,,,,,,,,,
,,,,,,,,,,,,
,,,,,,,,,,,,
,,,,,,,,,,,,
,,,,,,,,,,,,
,,,,,,,,,,,,
,,,,,,,,,,,,
,,,,,,,,,,,,
,,,,,,,,,,,,
,,,,,,,,,,,,
,,,,,,,,,,,,
,,,,,,,,,,,,
,,,,,,,,,,,,
,,,,,,,,,,,,
,,,,,,,,,,,,
,,,,,,,,,,,,
,,,,,,,,,,,,
,,,,,,,,,,,,
,,,,,,,,,,,,
,,,,,,,,,,,,
,,,,,,,,,,,,
,,,,,,,,,,,,
,,,,,,,,,,,,
,,,,,,,,,,,,
,,,,,,,,,,,,
,,,,,,,,,,,,
,,,,,,,,,,,,
,,,,,,,,,,,,
,,,,,,,,,,,,
,,,,,,,,,,,,
,,,,,,,,,,,,
,,,,,,,,,,,,
,,,,,,,,,,,,
,,,,,,,,,,,,
,,,,,,,,,,,,
,,,,,,,,,,,,
,,,,,,,,,,,,
,,,,,,,,,,,,
,,,,,,,,,,,,
,,,,,,,,,,,,
,,,,,,,,,,,,
,,,,,,,,,,,,
,,,,,,,,,,,,
,,,,,,,,,,,,
,,,,,,,,,,,,
,,,,,,,,,,,,
,,,,,,,,,,,,
,,,,,,,,,,,,
,,,,,,,,,,,,
,,,,,,,,,,,,
,,,,,,,,,,,,
,,,,,,,,,,,,
,,,,,,,,,,,,
,,,,,,,,,,,,
,,,,,,,,,,,,
,,,,,,,,,,,,
,,,,,,,,,,,,
,,,,,,,,,,,,
,,,,,,,,,,,,
,,,,,,,,,,,,
,,,,,,,,,,,,
,,,,,,,,,,,,
,,,,,,,,,,,,
,,,,,,,,,,,,
,,,,,,,,,,,,
,,,,,,,,,,,,
,,,,,,,,,,,,
,,,,,,,,,,,,
,,,,,,,,,,,,
,,,,,,,,,,,,
,,,,,,,,,,,,
,,,,,,,,,,,,
,,,,,,,,,,,,
,,,,,,,,,,,,
,,,,,,,,,,,,
,,,,,,,,,,,,
,,,,,,,,,,,,
,,,,,,,,,,,,
,,,,,,,,,,,,
,,,,,,,,,,,,
,,,,,,,,,,,,
,,,,,,,,,,,,
,,,,,,,,,,,,
,,,,,,,,,,,,
,,,,,,,,,,,,
,,,,,,,,,,,,
,,,,,,,,,,,,
,,,,,,,,,,,,
,,,,,,,,,,,,
,,,,,,,,,,,,
,,,,,,,,,,,,
,,,,,,,,,,,,
,,,,,,,,,,,,
,,,,,,,,,,,,
,,,,,,,,,,,,
,,,,,,,,,,,,
,,,,,,,,,,,,
,,,,,,,,,,,,
,,,,,,,,,,,,
,,,,,,,,,,,,
,,,,,,,,,,,,
,,,,,,,,,,,,
,,,,,,,,,,,,
,,,,,,,,,,,,
,,,,,,,,,,,,
,,,,,,,,,,,,
,,,,,,,,,,,,
,,,,,,,,,,,,
,,,,,,,,,,,,
,,,,,,,,,,,,
,,,,,,,,,,,,
,,,,,,,,,,,,
,,,,,,,,,,,,
,,,,,,,,,,,,
,,,,,,,,,,,,
,,,,,,,,,,,,
,,,,,,,,,,,,
,,,,,,,,,,,,
,,,,,,,,,,,,
,,,,,,,,,,,,
,,,,,,,,,,,,
,,,,,,,,,,,,
